"date","x","y","u_x","u_y","z_x","z_y","R","W"
2002-08-01,0.0264539756354729,-0.00567923019039851,0.979883624272652,0.239068994181214,49.2090503578825,0.698810510542434,49.9078608684249,0.985997987123015
2002-08-05,0.0354166890769334,-0.0044032339662019,0.990689941812136,0.296591853699086,106.909934814546,0.822775535754151,107.7327103503,0.99236280668073
2002-09-03,0.0388812286467104,-0.0152561143231646,0.992684954280964,0.0403990024937656,136.20393362744,0.311628396306419,136.515562023746,0.997717268334198
2002-09-19,0.026217586412959,-0.0067091614642889,0.979551122194514,0.199334995843724,48.4007172990705,0.620051803160215,49.0207691022307,0.98735124286061
2002-09-27,0.0353782286642788,-0.00746855635525545,0.990523690773067,0.173233582709892,105.025522332745,0.570413429108257,105.595935761853,0.99459814977733
2002-10-02,0.0304392161181064,-0.00571837670608977,0.986034912718205,0.236575228595179,71.1059709012921,0.693727096749915,71.799697998042,0.99033802207958
2002-10-09,0.0286508428290104,-0.00511594612253186,0.983208645054032,0.265669160432253,59.0530442916226,0.75443029643366,59.8074745880562,0.987385685457712
2002-10-15,-0.0469710822964968,0.0239677557240756,0.0029925187032419,0.99168744804655,0.172068473319183,119.799304392985,119.971372866304,0.00143424609728303
2002-10-16,0.0245372088884377,-0.00046423470549728,0.97522859517872,0.501911886949293,39.8670372571248,1.45068252709922,41.317719784224,0.96488957922472
2002-11-14,-0.0186895400209233,0.0209858820771016,0.0362427265170407,0.98520365752286,0.301430295891592,67.0830274258326,67.3844577217242,0.00447329111315847
2002-11-27,-0.0277471298868148,0.0227967692187678,0.0144638403990025,0.989193682460515,0.236065997371728,92.0375561127543,92.273622110126,0.00255832590043978
2002-12-09,0.0278754587885981,-0.00555510866504694,0.982543640897756,0.244887780548628,56.7842467501323,0.710754678975719,57.495001429108,0.987637974409791
2003-01-02,-0.0316819122103196,0.0261957507135833,0.00997506234413965,0.995178719866999,0.217029569549087,206.913390358604,207.130419928153,0.00104779186767626
2003-01-09,-0.0154183586013179,0.019384094972974,0.057024106400665,0.980382377389859,0.349127734577403,50.4729252317873,50.8220529663647,0.00686961100938729
2003-01-24,0.0266161039613051,-0.00592903422562907,0.980382377389859,0.228262676641729,50.4729252317873,0.676929723371151,51.1498549551585,0.986765754781424
2003-03-13,-0.0339594650867978,0.018591738818015,0.00748129675810474,0.977389858686617,0.204275521863621,43.7260353872494,43.930310909113,0.00464999035145107
2003-03-24,0.0337983805736846,-0.0156820999867153,0.989526184538653,0.0359102244389027,94.9753130568204,0.300595188628376,95.2759082454488,0.996845003168545
2003-07-15,0.00218754839179347,0.0236757846576925,0.674480465502909,0.991188694929343,2.53927905902703,112.989828509185,115.529107568212,0.0219795609303721
2003-07-21,0.0124375061651323,0.0214364021748708,0.906234413965087,0.986533665835411,10.1566901696985,73.7581294437573,83.9148196134558,0.121035714746026
2003-08-05,0.0214442771495102,0.0144032430432675,0.964921030756442,0.948295926849543,28.0041333167783,18.8364121651347,46.840545481913,0.597860956328782
2003-08-13,0.0051363517348717,0.0195012465162905,0.777389858686617,0.981213632585204,3.97119602856667,52.728508082307,56.6997041108736,0.0700390961617926
2003-10-03,-0.00913305373945406,0.0212277846915088,0.154280964256027,0.985702410640066,0.535051234281409,69.4406604038722,69.9757116381536,0.00764624212824264
2004-04-02,-0.00753016779892768,0.0250552903377681,0.197339983374896,0.993183707398171,0.616208539746375,146.206747104478,146.822955644224,0.00419694956447783
2007-02-27,0.0398412360414184,-0.0125564493844501,0.992851205320033,0.0645054031587697,139.383123058266,0.364829516842547,139.747952575109,0.997389374870115
2007-06-07,0.0182103361460078,0.0180778280917244,0.953117206982544,0.97522859517872,20.8257859381761,39.8670372571248,60.6928231953009,0.343134242926247
2007-08-03,0.0260823055962032,-0.00661747157355874,0.979218620116376,0.204821280133001,47.6182499835494,0.630669130412503,48.2489191139619,0.986928844376329
2007-08-09,0.0300813970465805,-0.0013913900774134,0.984871155444721,0.454696591853699,65.5976307327362,1.2688343977,66.8664651304362,0.981024353609468
2007-09-20,0.00706717722993044,0.0190931580820255,0.822277639235245,0.979218620116376,5.11045794060782,47.6182499835494,52.7287079241572,0.0969198400984619
2007-10-19,0.0265049310459933,-0.0148117980298816,0.980049875311721,0.0430590191188695,49.6233206934129,0.317946466013837,49.9412671594267,0.993633592335596
2007-11-07,0.027736951913969,-0.00176557250079679,0.98187863674148,0.431088944305902,54.6819622831846,1.18843767624715,55.8703999594317,0.978728670689487
2007-12-11,0.0278026621148717,-0.0194373031059243,0.982211138819618,0.0179551122194514,55.7134575303295,0.24876361985308,55.9622211501826,0.995554793667223
2008-01-04,0.0248118966955433,-0.000212615859114695,0.976059850374065,0.51571072319202,41.268814072065,1.51009661620022,42.7789106882652,0.964699975013285
2008-01-17,0.0262579757127392,-0.0128748064991488,0.979717373233583,0.0620116375727348,48.8015711051767,0.359656184815958,49.1612272899927,0.992684149590196
2008-01-24,-0.00840608925153408,0.0202466484233428,0.171238570241064,0.983042394014963,0.566669343194316,58.469162989527,59.0358323327213,0.00959873556115229
2008-02-05,0.0271384028136694,-0.00761148845434301,0.981047381546135,0.169742310889443,52.261563361021,0.563865107126873,52.8254284681479,0.98932587726256
2008-02-07,-0.00659204441557115,0.0217819338910843,0.223607647547797,0.987531172069825,0.667618095279409,79.6989544014058,80.3665724966853,0.00830716147944401
2008-03-19,0.0250821237080405,-0.0164321103820644,0.976392352452203,0.0307564422277639,41.8571640507757,0.287219661128888,42.1443837119046,0.993184865079715
2008-03-24,-0.019791071612941,0.0195339912228327,0.0310889443059019,0.981379883624273,0.288109462197914,53.2037908476487,53.4919003098466,0.00538603901766564
2008-06-06,0.0324137974004675,-0.0128632485499898,0.988196176226101,0.0621778886118038,84.2173203579795,0.360002844325618,84.5773232023051,0.995743506288742
2008-06-26,0.0275358964134131,-0.00670761544860188,0.981379883624273,0.199501246882793,53.2037908476487,0.620372489365251,53.8241633370139,0.988474089499899
2008-07-16,-0.0242511468668987,0.0182414926231478,0.0192851205320033,0.975893599334996,0.253265771113634,40.9807251645709,41.2339909356845,0.00614216003269415
2008-09-04,0.0305690028455041,-0.00798762464285918,0.98669991687448,0.157772236076475,74.6863842265533,0.541534965647664,75.2279191922009,0.992801409749696
2008-09-09,0.0301370469473383,-0.00986051910054453,0.985037406483791,0.109226932668329,66.3320770328918,0.45160435859545,66.7836813914873,0.993237803769036
2008-09-15,0.0487546700577495,-0.0319265061420797,0.996342477140482,0.0029925187032419,272.908785556826,0.172068473319183,273.080854030145,0.999369899168031
2008-09-17,0.0460050185379153,-0.00498751686458743,0.995511221945137,0.269825436408978,222.277402871,0.763370397651246,223.040773268651,0.996577440140365
2008-09-19,-0.0389452112777837,0.0322508595960755,0.00548628428927681,0.99833748960931,0.192104354763745,600.999861342166,601.19196569693,0.000319539125146239
2008-09-29,0.0816021184549509,-0.0286860178819568,0.999168744804655,0.00465502909393184,1202.4999306999,0.186226428246264,1202.68615712814,0.999845157918263
2008-09-30,-0.0405560047378319,0.0246719653095662,0.00498753117206983,0.992684954280964,0.188650262667429,136.20393362744,136.392583890107,0.00138314164367929
2008-10-02,0.0369488330830574,-0.00800686730682543,0.99168744804655,0.156774729842062,119.799304392985,0.539681325345068,120.33898571833,0.995515324297246
2008-10-06,0.0522768055472405,-0.0180083150010102,0.997339983374896,0.0229426433915212,375.437278036623,0.264917649034364,375.702195685657,0.999294873301044
2008-10-07,0.04581956754794,0.0030284946408603,0.995178719866999,0.668495428096426,206.913390358604,2.48307954169605,209.3964699003,0.988141731601883
2008-10-08,0.0255148366793314,0.0144660025618011,0.978221113881962,0.949127182044888,45.4141955869554,19.1525119034074,64.5667074903627,0.703368614447839
2008-10-09,0.0723984830378965,0.00845079713598906,0.998669991687448,0.854862842892768,751.374889092224,6.37697186354109,757.751860955765,0.991584353411554
2008-10-10,0.0245546049090208,0.00706179655400696,0.975394846217789,0.812967581047382,40.1398158367433,4.82942364745657,44.9692394841999,0.892606063548097
2008-10-15,0.103637909705271,-0.00951823514633876,0.999667497921862,0.118038237738986,3006.99997228721,0.468001199899497,3007.46797348711,0.999844386971358
2008-10-21,0.0303097001862334,-0.00527078887310317,0.985702410640066,0.25785536159601,69.4406604038722,0.73781328060338,70.1784736844756,0.989486615455323
2008-10-22,0.0559933703592277,-0.0200863202764561,0.997672485453034,0.0152950955943475,429.142662957261,0.239221684516265,429.381884641778,0.999442869638723
2008-10-24,0.0520461172187066,0.0106946290619385,0.997173732335827,0.901579384871155,353.323293556034,9.65184058545585,362.97513414149,0.97340908597421
2008-10-27,0.0361460915833813,-0.000722064668061684,0.991022443890274,0.487780548628429,110.888137381808,1.39297170888354,112.281109090691,0.987593890725123
2008-11-05,0.0429356549119699,-0.0117884717345973,0.993682460515378,0.0754779717373234,157.788945552932,0.38700971992242,158.175955272855,0.997553296142547
2008-11-06,0.0570056132090695,0.00724617006833128,0.997838736492103,0.818786367414796,462.192127392123,5.00169870686025,467.193826098983,0.989294167800495
2008-11-11,0.0313623745440923,-0.00295199995970208,0.987697423108894,0.365918536990856,80.7827522130805,0.994683865448028,81.7774360785285,0.987836695387553
2008-11-12,0.0449986860186504,-0.006400211550603,0.994846217788861,0.211970074812968,193.531827472311,0.644616414442658,194.176443886754,0.996680254300987
2008-11-13,-0.0604737688580661,0.0242431872094793,0.00149625935162095,0.992186201163757,0.153732934244959,127.478069697714,127.631802631959,0.00120450335319846
2008-11-14,0.0511949903631939,-0.0196302230439738,0.996841230257689,0.0162926018287614,316.078683721033,0.242892707396297,316.32157642843,0.999232133608656
2008-11-19,0.0662241817835421,-0.025292263401556,0.99833748960931,0.00714879467996675,600.999861342166,0.202395901447868,601.202257243614,0.99966334806796
2008-11-20,0.077132650308148,-0.0503712996693979,0.998836242726517,0.000665004156275977,858.785617249479,0.136691996623673,858.922309246103,0.999840856390442
2008-12-01,0.0927491282972159,-0.0375799821803708,0.999334995843724,0.00133000831255195,1503.24994456446,0.150998779462359,1503.40094334392,0.999899561869952
2008-12-31,-0.0141733472236467,0.0211411911838111,0.0714879467996675,0.985536159600997,0.379042523615425,68.636716916992,69.0157594406074,0.00549211552097193
2009-01-02,-0.0296960993747746,0.0254579207010428,0.0121363258520366,0.993848711554447,0.22667758592719,162.06705337743,162.293730963357,0.00139671190366786
2009-01-05,0.00118393012385187,0.0261220934524546,0.622610141313383,0.99501246882793,2.11044047956062,199.999583332638,202.110023812199,0.0104420376572794
2009-01-07,0.0304144299530247,-0.00391428339126421,0.985868661679135,0.317871986699917,70.2635198749885,0.872519237643771,71.1360391126322,0.98773449789266
2009-01-14,0.0319595847111698,-0.0163542430111736,0.987863674147963,0.0315876974231089,81.8962427288021,0.289436643032625,82.1856793718347,0.996478259409123
2009-01-20,0.0542300362331867,0.000175300456660921,0.997506234413965,0.532834580216126,400.499791926679,1.58845066985864,402.088242596537,0.996049497345157
2009-01-21,-0.0422862035493266,0.0320978013361222,0.00432252701579385,0.998171238570241,0.18369132938274,546.318029281878,546.501720611261,0.000336122142812801
2009-01-22,0.0155883477375065,0.0194346218183146,0.936492103075644,0.980714879467997,15.2406058416013,51.3518254940846,66.5924313356859,0.228863934472897
2009-01-28,-0.0332743677251708,0.0253030763420989,0.00798004987531172,0.993682460515378,0.207004595952745,157.788945552932,157.995950148885,0.00131018925331742
2009-01-29,0.033037684686513,0.023267289152054,0.988861180382377,0.990191188694929,89.2751859615344,101.448331107487,190.723517069021,0.46808693198137
2009-02-03,-0.0139490393132959,0.0241039821043616,0.0738154613466334,0.992019950124688,0.383702310956445,124.811832328973,125.19553463993,0.00306482425319718
2009-02-10,0.046891491020971,-0.0214972772045954,0.996009975062344,0.0123025768911056,250.124666832894,0.227378844193584,250.352045677088,0.999091763586039
2009-02-13,0.0108162371494185,0.0269737622546655,0.887281795511222,0.996009975062344,8.36171773642294,250.124666832894,258.486384569317,0.0323487743865311
2009-02-17,0.0437159068429169,-0.0306744984154328,0.994014962593516,0.00365752285951787,166.582833082006,0.178222330011465,166.761055412017,0.998931271275712
2009-02-23,0.0364350397084086,-0.00919586653659543,0.991354945968412,0.125353283458022,115.172353370713,0.481551923874087,115.653905294587,0.995836267503051
2009-03-02,0.0460887914769019,-0.0164199273270764,0.995843724023275,0.0310889443059019,240.099652921992,0.288109462197914,240.38776238419,0.998801480327699
2009-03-05,0.0417054177452436,-0.0274316434151265,0.993183707398171,0.00482128013300083,146.206747104478,0.187451410306757,146.394198514785,0.998719543450434
2009-03-10,-0.0579003587095013,0.0193859757931829,0.00182876142975894,0.980548628428928,0.158626513787304,50.9086195008635,51.0672460146508,0.00310622808486275
2009-03-30,0.0351659256281316,-0.00381922189408979,0.990357439733998,0.323524522028263,103.20608910709,0.88614745141147,104.092236558501,0.991486901610444
2009-04-03,-0.00989960513838017,0.0206748471003868,0.136824605153782,0.983873649210308,0.502751198411995,61.5089544680312,62.0117056664432,0.00810735961878326
2009-04-20,0.0428197668601547,-0.0150286059304197,0.993516209476309,0.0415627597672485,153.730227156019,0.314410959298355,154.044638115317,0.997958962005137
2009-05-07,0.0139892121680223,0.0247150839507988,0.922527015793849,0.992851205320033,12.4010061652127,139.383123058266,151.784129223479,0.0817015996906639
2009-05-13,0.0254958450412,-0.0108064141691919,0.977888611803824,0.0911055694098088,44.7237006328589,0.417408202519592,45.1411088353785,0.99075325765608
2009-05-21,0.0144673767234753,0.0254708007969322,0.928013300083126,0.994014962593516,13.3852297765702,166.582833082006,179.968062858576,0.0743755840006387
2009-05-27,0.0180147063066585,0.0178519974268188,0.95211970074813,0.973732335827099,20.381328121037,37.5674020441669,57.9487301652039,0.351713110243014
2009-06-01,-0.0239197049776587,0.0300098229908095,0.0201163757273483,0.997672485453034,0.25600189513086,429.142662957261,429.398664852392,0.000596186984463171
2009-06-04,-0.00935176094277868,0.0208786921237225,0.148960931005819,0.984704904405653,0.525190440301965,64.8791503483499,65.4043407886519,0.00802990189900498
2009-06-22,0.0304461240970868,-0.00966028316955025,0.986201163757274,0.11404821280133,71.9687216113691,0.460588798151319,72.4293104095205,0.993640850706059
2009-07-02,0.0276727282983655,-0.00233571606457339,0.981546134663342,0.401995012468828,53.6876370096535,1.09731469870057,54.7849517083541,0.979970508972207
2009-07-15,-0.0288267140467413,0.0260550112913833,0.0129675810473815,0.994846217788861,0.230133559300944,193.531827472311,193.761961031612,0.00118771278983597
2009-07-23,-0.0218420204510128,0.0185074485251269,0.0244389027431421,0.977057356608479,0.269427106033238,43.0850223789548,43.354449484988,0.00621452029108407
2009-08-17,0.0249136861409225,-0.0146744370355085,0.976226101413134,0.0438902743142145,41.5609319941075,0.319891234394309,41.8808232285018,0.992361868517985
2009-08-21,-0.0194161842717699,0.0207913339332375,0.0332502078137988,0.984538653366584,0.293798421087714,64.1761208501144,64.4699192712021,0.00455713958399434
2009-10-01,0.0251260497595629,-0.013603330747979,0.976724854530341,0.0532003325020781,42.46232320831,0.340867570998319,42.8031907793083,0.992036398109762
2009-10-09,-0.00607875393361113,0.0231909457289623,0.241064006650042,0.99002493765586,0.702892433928359,99.749164572514,100.452057006442,0.00699729258787882
2009-10-30,0.0294015526811116,-0.0144064584908499,0.983873649210308,0.0458852867830424,61.5089544680312,0.324505616383086,61.8334600844143,0.994751941490253
2010-02-04,0.0313526784221452,-0.0157033619544009,0.987364921030756,0.0354114713216958,78.6436772132614,0.299336718082872,78.9430139313443,0.996208192426714
2010-03-24,0.00486672177424996,0.0184236553490367,0.770074812967581,0.976558603491272,3.82749320985714,42.1575977769009,45.9850909867581,0.0832333508040532
2010-05-06,0.0337776514863437,-0.0304191845481849,0.989359933499584,0.00382377389858687,93.4834835786366,0.179645535242213,93.6631291138788,0.998082003698341
2010-05-10,-0.0430987617434182,0.0209331881898871,0.00382377389858687,0.985037406483791,0.179645535242213,66.3320770328918,66.5117225681341,0.00270096049697383
2010-05-20,0.0384911434569268,-0.0208606052645273,0.992352452202826,0.0136325852036575,130.260229820826,0.232813022086645,130.493042842913,0.998215897054628
2010-05-27,-0.0329495547913234,0.0229499466936147,0.0084788029925187,0.989858686616791,0.209635431596313,98.1057079546171,98.3153433862134,0.00213227584195887
2010-06-04,0.0357694265443254,-0.0265270530815087,0.990856192851205,0.0058187863674148,108.862870875684,0.194300635158589,109.057171510842,0.998218359852298
2010-06-29,0.0313613876570544,-0.0108438797151527,0.987531172069825,0.0906068162926018,79.6989544014058,0.416453956952544,80.1154083583584,0.994801824449428
2010-07-16,0.0279202386996511,-0.00487286770642203,0.982709891936825,0.276475477971737,57.3350850249419,0.777826863448513,58.1129118883904,0.986615248863413
2010-08-11,0.0277897071308804,-0.0133180607839938,0.982044887780549,0.056359102244389,55.1929345976134,0.347703753162451,55.5406383507758,0.99373965147886
2010-08-27,-0.0153713335148344,0.0287239324985293,0.05785536159601,0.997007481296758,0.350900691184609,333.666416916266,334.01731760745,0.00105054640189944
2010-09-01,-0.0294728696855904,0.0208934191271499,0.0123025768911056,0.984871155444721,0.227378844193584,65.5976307327362,65.8250095769298,0.00345429261089352
2010-09-09,-0.00460890900673672,0.0199385622961561,0.298254364089776,0.982377389858687,0.826577040157946,56.2438013819189,57.0703784220768,0.0144834687102442
2010-11-03,-0.0040093948237665,0.0206110746343882,0.323192019950125,0.98354114713217,0.885340723909926,60.2561927802092,61.1415335041191,0.0144801851240823
2010-11-09,0.00720996564728615,0.0222950891668088,0.824605153782211,0.988196176226101,5.18536086971064,84.2173203579795,89.4026812276901,0.0580000599367328
2010-11-15,0.00141522340908118,0.0210957249909134,0.634580216126351,0.985369908561929,2.1988094184484,67.8510445511673,70.0498539696157,0.0313892077405634
2010-12-01,-0.0210445345022814,0.0224797620842736,0.027098919368246,0.988694929343308,0.277141781454727,87.9549349000904,88.2320766815451,0.00314105472610615
2010-12-07,-0.000570281457719091,0.0216405486011846,0.512053200332502,0.987032418952619,1.49403859378519,76.6142969189618,78.108335512747,0.0191277740586518
2010-12-28,-0.00143199300747465,0.0197793482344908,0.460016625103907,0.982044887780549,1.28784219886027,55.1929345976134,56.4807767964737,0.0228014250494634
2011-01-05,-0.00518395823576778,0.0222733178546299,0.276475477971737,0.988029925187032,0.777826863448513,83.0406631446716,83.8184900081201,0.00927989592001907
2011-06-02,0.00106235075182415,0.0192323561588026,0.61479634247714,0.979717373233583,2.05564965759144,48.8015711051767,50.8572207627682,0.0404200156194212
2011-08-02,0.0258796077474868,-0.0295848029626429,0.9785536159601,0.00399002493765586,46.1261003492616,0.181029623425263,46.3071299726869,0.996090674945045
2011-08-04,0.0479738011912438,-0.0349626936789873,0.996176226101413,0.00182876142975894,261.021419871909,0.158626513787304,261.180046385697,0.999392654546232
2011-08-05,0.00149800019151236,0.0292773348982109,0.639401496259352,0.997506234413965,2.23602244462651,400.499791926679,402.735814371305,0.0055520824442124
2011-08-08,0.0673403915681474,-0.0310794879886664,0.998503740648379,0.00332502078137988,667.833208551704,0.175245538785131,668.008454090489,0.999737659699197
2011-08-10,0.0451834708644059,-0.0293196555947182,0.99501246882793,0.00415627597672485,199.999583332638,0.182377390571701,200.18196072321,0.999088941931067
2011-08-11,-0.0439063020370618,0.0517676313454114,0.00365752285951787,0.999334995843724,0.178222330011465,1503.24994456446,1503.42816689447,0.000118543961019173
2011-08-18,0.0440753724455147,-0.0203294713245503,0.994347464671654,0.0149625935162095,176.41129232519,0.237970475949532,176.649262801139,0.998652864596342
2011-08-24,-0.0139866554908723,0.0288428920333388,0.0733167082294264,0.997173732335827,0.382706744686456,353.323293556034,353.70600030072,0.00108199110097391
2011-09-02,0.0258815967459745,-0.0319699386613639,0.978719866999169,0.0028262676641729,46.4903950288738,0.170392634326214,46.6607876632,0.996348269224341
2011-09-07,-0.0278169826251409,0.0192730989812251,0.0142975893599335,0.979883624272652,0.235423499081576,49.2090503578825,49.4444738569641,0.00476137130637942
2011-09-09,0.0265593506449013,-0.0106090389032163,0.98021612635079,0.0954280964256027,50.044553315598,0.425643808121737,50.4701971237198,0.99156643262006
2011-09-21,0.0299003773718702,-0.0325483737362182,0.984372402327515,0.00249376558603491,63.4880491245653,0.166834573783595,63.6548836983489,0.997379076606687
2011-09-22,0.0328584303095187,-0.0368971652522978,0.988528678304239,0.00166251039068994,86.6729515768738,0.156264001854846,86.8292155787287,0.998200329223138
2011-09-23,-0.00600678224007112,0.0187750255185968,0.242560266001663,0.977888611803824,0.705962875954165,44.7237006328589,45.429663508813,0.0155396897407618
2011-09-30,0.0253068360132378,-0.0248077142069993,0.977057356608479,0.00781379883624273,43.0850223789548,0.2061063530423,43.2911287319971,0.995239062619082
2011-10-03,0.0288703892866948,-0.0271489330324179,0.983374896093101,0.00498753117206983,59.6486029355446,0.188650262667429,59.837253198212,0.996847277363442
2011-10-06,-0.0179296184186528,0.0186299664995921,0.0397339983374896,0.977722360764755,0.310024831839473,44.3861822562127,44.6962070880522,0.00693626712505424
2011-10-27,-0.0342421077864792,0.0344841172514503,0.00714879467996675,0.998503740648379,0.202395901447868,667.833208551704,668.035604453152,0.000302971728001754
2011-11-01,0.0282848416360713,-0.0329264006455245,0.982876142975894,0.00232751454696592,57.8966189124355,0.16493609397633,58.0615550064119,0.997159289069021
2011-11-09,0.037607955857573,-0.0205278561301236,0.991853699085619,0.0147963424771405,122.254420402965,0.237339410473988,122.491759813439,0.998062405088836
2011-12-09,-0.0168004901882313,0.0207745541965245,0.0475477971737323,0.984372402327515,0.328297273125278,63.4880491245653,63.8163463976906,0.00514440721941985
2011-12-20,-0.0298117933787054,0.0252616747444021,0.0119700748129676,0.993516209476309,0.225971056469493,153.730227156019,153.956198212489,0.0014677619939511
2012-02-03,-0.013921497800605,0.0217232303031762,0.0744804655029094,0.987198669991687,0.385027305190237,77.61580945543,78.0008367606202,0.0049361945484234
2012-03-14,0.00107134567027423,0.0255184702585174,0.615960099750623,0.994181213632585,2.0636721667718,171.356656542296,173.420328709067,0.011899828481088
2012-06-01,0.0254996155470639,-0.0234629995219224,0.978054862842893,0.00980881130507066,45.0663327072274,0.216240800597627,45.282573507825,0.995224635354255
2012-06-06,-0.0222200750908392,0.0201861300682724,0.0232751454696592,0.982876142975894,0.265931334204561,57.8966189124355,58.1625502466401,0.00457220897427762
2012-07-27,-0.0182650822907124,0.0190424675751517,0.0382377389858687,0.978886118038238,0.306378901924537,46.8604264072401,47.1668053091646,0.00649564667177081
2012-09-14,-0.00442450386587367,0.0269377258925978,0.306566916043225,0.995843724023275,0.84579526362571,240.099652921992,240.945448185618,0.00351031849738092
2013-05-03,-0.0100892253702183,0.0238585215277878,0.133333333333333,0.991521197007481,0.496301802024632,117.440466892069,117.936768694094,0.00420820247595513
2013-05-28,-0.00597090674236789,0.0256694086899527,0.244389027431421,0.994347464671654,0.709726256076592,176.41129232519,177.121018581266,0.00400701318093965
2013-06-20,0.025090574081152,0.0165490088397702,0.976558603491272,0.965918536990856,42.1575977769009,28.8385738243279,70.9961716012289,0.59380100118203
2013-07-05,-0.0107308390864178,0.0346824854906576,0.115544472152951,0.998669991687448,0.463370604060847,751.374889092224,751.838259696285,0.000616316871461199
2013-08-01,-0.0114916983091735,0.0194562185391893,0.104738154613466,0.980881130507066,0.443205083669085,51.8027391695351,52.2459442532042,0.00848305241687549
2013-11-08,-0.0134009026120552,0.0243594993992433,0.0799667497921862,0.992352452202826,0.39586019568247,130.260229820826,130.656090016509,0.00302978755626662
2014-12-23,-0.00134846883379769,0.0200341003449331,0.465170407315046,0.982709891936825,1.30658924041874,57.3350850249419,58.6416742653606,0.0222808993226603
2015-02-03,-0.0143576004171333,0.0213935555478759,0.0681629260182876,0.986367414796342,0.372320991941211,72.8525146766649,73.2248356686061,0.00508462721072159
2015-03-02,-0.00629358613470643,0.0188014909777507,0.234247714048213,0.9785536159601,0.689001278596582,46.1261003492616,46.8151016278582,0.0147175004355129
2015-03-06,0.0141643256512047,0.0223401575348507,0.925353283458022,0.988528678304239,12.8899722001617,86.6729515768738,99.5629237770355,0.129465585291849
2015-05-11,0.0047839589144143,0.0246250538646446,0.767248545303408,0.992518703241895,3.77437565200367,133.166040882087,136.94041653409,0.0275621744663239
2015-06-22,-0.00510994085290761,0.0206171620146343,0.278470490440565,0.983707398171239,0.782201362092735,60.8761821277534,61.6583834898461,0.0126860504252686
2015-07-09,-0.00180768648342777,0.0198986148754843,0.440399002493766,0.982211138819618,1.21940194462503,55.7134575303295,56.9328594749546,0.0214182452079622
2015-08-21,0.0305653181027896,-0.00301104664476881,0.986533665835411,0.3619285120532,73.7581294437573,0.983953134214369,74.7420825779717,0.986835352986212
2015-08-24,0.0430186934729662,0.000316735739939844,0.993848711554447,0.539983374896093,162.06705337743,1.62280514536006,163.68985852279,0.990086098430257
2015-08-26,-0.0376750972009159,0.0194924084910015,0.00615128844555278,0.981047381546135,0.19642144808757,52.261563361021,52.4579848091086,0.00374435748537302
2015-09-01,0.0303019180784041,-0.0071799528760863,0.985536159600997,0.18354114713217,68.636716916992,0.589860393654479,69.2265773106464,0.99147927838455
2015-09-15,-0.0124217695698148,0.019350507307994,0.0916043225270158,0.98021612635079,0.418361585546948,50.044553315598,50.462914901145,0.00829047601325654
2015-09-28,0.0254174183325411,-0.0169684287659573,0.977556109725686,0.027265170407315,44.0536639395073,0.277612351616951,44.3312762911243,0.993737776693054
2015-12-03,0.0141015292029909,0.0275600765899,0.924854530340815,0.996342477140482,12.8010128843865,272.908785556826,285.709798441213,0.0448042487664993
2016-01-13,0.0252573105011935,-0.00980886435194872,0.97689110556941,0.110889443059019,42.7714329717879,0.454706341534874,43.2261393133228,0.989480755192155
2016-06-24,0.0365695400339838,-0.026492820605367,0.991521197007481,0.00598503740648379,117.440466892069,0.195370016247742,117.635836908317,0.998339196444022
2016-09-09,0.0242260234280716,0.0166116268305956,0.974064837905237,0.96691604322527,38.0555025488207,29.7233270720555,67.7788296208762,0.561465914381907
2016-11-09,-0.0105458390418249,0.0433585727712158,0.12069825436409,0.999168744804655,0.472933626969474,1202.4999306999,1202.97286432686,0.000393137402342079
2018-02-05,0.042722118685961,-0.00940526445664958,0.99334995843724,0.120199501246883,149.874443979446,0.472009281708515,150.346453261155,0.996860522669673
2018-02-08,0.0382306510862112,0.00109408608254835,0.992186201163757,0.577556109725686,127.478069697714,1.82166058840086,129.299730286115,0.985911334970538
2018-03-22,0.0253149158204993,-0.00985982407939545,0.977223607647548,0.109393183707398,43.4031895242515,0.451914756638267,43.8551042808897,0.989695275748433
2018-10-10,0.0321753150873878,0.0027279997647458,0.988029925187032,0.65453034081463,83.0406631446716,2.35939572002073,85.4000588646923,0.972372434499618
2018-10-24,0.0307669225385823,-0.00752054393876911,0.986866167913549,0.171737323358271,75.638138772575,0.567604809421967,76.2057435819969,0.992551679404437
2018-12-04,0.0329385485414955,-0.0166026235285806,0.988694929343308,0.029592684954281,87.9549349000904,0.284072502635964,88.2390074027264,0.996780647119709
2018-12-24,0.0267784483987565,-0.00495745288499538,0.980548628428928,0.272152950955943,50.9086195008635,0.768408541923402,51.6770280427869,0.985130558566813
2019-05-13,0.0254517103552354,-0.00782518390079012,0.977722360764755,0.163424771404821,44.3861822562127,0.552058416304,44.9382406725167,0.987715175137205
2019-08-05,0.0305343761001886,-0.0171402931190237,0.986367414796342,0.0259351620947631,72.8525146766649,0.273810895189233,73.1263255718541,0.996255645377393
2019-08-14,0.0300137522973642,-0.022279940520745,0.984704904405653,0.0113050706566916,64.8791503483499,0.223089598386525,65.1022399467364,0.996573242355885
2019-08-23,0.026023295521231,-0.0163014635740462,0.979052369077307,0.0319201995012469,47.2363310724841,0.290316527944233,47.5266476004284,0.993891499977339
2019-09-05,-0.0127733792021756,0.01827586099283,0.086616791354946,0.976059850374065,0.408787026479545,41.268814072065,41.6776010985446,0.00980831467514143
2019-09-13,0.000664236767419446,0.0215903052513813,0.592518703241895,0.986866167913549,1.91068378777086,75.638138772575,77.5488225603458,0.0246384629023095
2019-11-07,-0.00351089161890883,0.0182848671661091,0.348129675810474,0.976226101413134,0.947705391889905,41.5609319941075,42.5086373859974,0.0222944194443195
2020-02-24,0.033728107513384,-0.0148188187996912,0.989193682460515,0.0428927680798005,92.0375561127543,0.317555882275172,92.3551119950294,0.99656157763858
2020-02-25,0.0307707046426273,-0.00531006404800571,0.987032418952619,0.255527847049044,76.6142969189618,0.732910066357526,77.3472069853194,0.990524414585563
2020-02-27,0.045951753397782,-0.0107894958253469,0.995344970906068,0.0917705735660848,214.321039746782,0.418679190874457,214.739718937656,0.998050294594099
2020-03-03,0.0290503790189884,-0.0154059025122049,0.98354114713217,0.0389027431421446,60.2561927802092,0.308005951284913,60.5641987314941,0.994914389065883
2020-03-05,0.0338065402235088,-0.0245869759587656,0.989692435577722,0.0084788029925187,96.5152656125315,0.209635431596313,96.7249010441278,0.997832663261132
2020-03-09,0.081312520916268,-0.0267423457922016,0.999002493765586,0.0056525353283458,1001.99991683299,0.193212405540091,1002.19312923853,0.999807210406953
2020-03-10,-0.0504507105698329,0.0526186984759516,0.00266001662510391,0.999501246882793,0.168650476753749,2004.49995842709,2004.66860890384,8.41288560137465e-05
2020-03-11,0.0499769423697112,0.0374920912879348,0.996508728179551,0.999002493765586,285.928279980256,1001.99991683299,1287.92819681325,0.222006382566773
2020-03-12,0.100568731910694,-0.00617854338963575,0.999501246882793,0.217456359102244,2004.49995842709,0.655412321112559,2005.1553707482,0.999673136390988
2020-03-13,-0.0820280762041294,0.0228621409288294,0.000831255195344971,0.989692435577722,0.140992542347172,96.5152656125315,96.6562581548787,0.0014587006060306
2020-03-16,0.115886517886751,-0.0627545973800396,0.999833748960931,0.000332502078137988,6014.49998614524,0.124861646306,6014.62484779154,0.999979240326792
2020-03-17,-0.052584702623176,0.0690110032571631,0.00232751454696592,0.999833748960931,0.16493609397633,6014.49998614524,6014.66492223921,2.74223246196939e-05
2020-03-18,0.051959339855947,0.0580661792579562,0.997007481296758,0.999667497921862,333.666416916266,3006.99997228721,3340.66638920347,0.0998801969555012
2020-03-20,0.044050341514426,-0.072502981847677,0.994181213632585,0.000166251039068994,171.356656542296,0.114915957677576,171.471572499973,0.99932982501996
2020-03-23,0.0259008501543088,-0.0403825359252021,0.978886118038238,0.000831255195344971,46.8604264072401,0.140992542347172,47.0014189495872,0.99700024923719
2020-03-24,-0.0867310894774986,0.0187896567938441,0.000665004156275977,0.978387364921031,0.136691996623673,45.767409982992,45.9041019796157,0.00297777302525977
2020-03-27,0.0302381168490502,-0.0263429616051445,0.98520365752286,0.00615128844555278,67.0830274258326,0.19642144808757,67.2794488739202,0.997080513420143
2020-04-01,0.0460492225117832,-0.0139139892928988,0.995677472984206,0.0502078137988362,230.845792854922,0.33427100684757,231.18006386177,0.998554066465491
2020-04-21,0.0308337733033071,-0.0125134931595188,0.987198669991687,0.0651704073150457,77.61580945543,0.36619979031692,77.9820092457469,0.995304047768724
2020-04-27,-0.0143154463426072,0.0187894653902774,0.0688279301745636,0.978221113881962,0.37367173878869,45.4141955869554,45.787867325744,0.00816093346585274
2020-05-01,0.026830076704961,-0.00852755937093264,0.980714879467997,0.143142144638404,51.3518254940846,0.514425223001302,51.8662507170859,0.990081696365382
2020-05-18,-0.0300045057158362,0.0221987318448615,0.0116375727348296,0.987863674147963,0.224541668480861,81.8962427288021,82.120784397283,0.00273428548118313
2020-06-11,0.0593772951117808,-0.0187249007145844,0.998004987531172,0.0199501246882793,500.749833582912,0.255459169762244,501.005292752675,0.999490106844264
2020-06-24,0.0258396043346476,-0.0106683151188225,0.978387364921031,0.0944305901911887,45.767409982992,0.423748526899634,46.1911585098917,0.990826198333846
2020-09-03,0.0350202520218064,-0.00283728123872695,0.990191188694929,0.372402327514547,101.448331107487,1.01237068017002,102.460701787657,0.990119424691546
2020-09-04,0.0081986047644822,0.0191707028554537,0.845220282626766,0.979551122194514,5.94678827766646,48.4007172990705,54.347505576737,0.109421549610401
2020-09-08,0.0277028851447483,-0.00612560575898602,0.981712385702411,0.219285120532003,54.1802801155691,0.659029622405718,54.8393097379749,0.987982532501693
2020-10-05,-0.0175776440880577,0.0197322406608844,0.0422277639235245,0.98187863674148,0.315987977858413,54.6819622831846,54.997950261043,0.00574545008238677
2020-10-28,0.0347767070868983,-0.000933489168101431,0.99002493765586,0.47930174563591,99.749164572514,1.35975809108412,101.108922663598,0.986551551977186
2020-11-09,-0.0124875634018728,0.0212384968718204,0.0906068162926018,0.985868661679135,0.416453956952544,70.2635198749885,70.679973831941,0.0058921068355623
2021-01-06,-0.00596029183765712,0.0207419323449107,0.245220282626766,0.984206151288446,0.711440784734393,62.8144628209106,63.525903605645,0.0111992233774566
2021-01-27,0.0247439696466429,-0.00253994473946584,0.975561097256858,0.387032418952618,40.4163054938806,1.05346679008755,41.4697722839681,0.97459675488754
2021-02-25,0.0243908462062636,0.0164656703154771,0.974896093100582,0.96525353283458,39.332318410181,28.2769573273281,67.609275737509,0.581759203617082
2021-03-12,-0.00134579283596281,0.0214501133103031,0.465502909393184,0.98669991687448,1.30781022708821,74.6863842265533,75.9941944536415,0.0172093439043691
2021-09-23,-0.0120769169597761,0.0228564586416207,0.0964256026600166,0.989526184538653,0.427536145239116,94.9753130568204,95.4028492020595,0.00448137711624955
2021-09-28,0.0203578606481125,0.015699214533635,0.961596009975062,0.960931005818786,25.5356977169883,25.0924237131961,50.6281214301845,0.504377744929796
2021-11-10,0.00807733735334271,0.0184529785484715,0.842394014962593,0.976724854530341,5.83065142545705,42.46232320831,48.292974633767,0.120734982048097
2022-01-03,-0.00577332495620819,0.0266006294484686,0.253532834580216,0.995511221945137,0.728723847329824,222.277402871,223.00612671833,0.00326773016532521
2022-02-03,0.0237858084757621,0.00783651408177732,0.972568578553616,0.836741479634248,35.9522275937506,5.61040909780279,41.5626366915534,0.865013157383661
2022-02-10,0.0181289605406514,0.0160199833683432,0.952618453865337,0.962593516209476,20.6012182485114,26.2301564054705,46.8313746539819,0.43990206140062
2022-03-02,-0.0182290851740721,0.0347805309190594,0.0385702410640067,0.998836242726517,0.30719377881257,858.785617249479,859.092811028292,0.000357579268350383
2022-03-07,0.0299224470103017,0.00765899010590232,0.984538653366584,0.830590191188695,64.1761208501144,5.38738657279221,69.5635074229066,0.922554414341992
2022-03-14,0.00733527019029445,0.0236262032911156,0.82809642560266,0.991022443890274,5.30150520718543,110.888137381808,116.189642588993,0.0456280361059278
2022-03-21,0.000292375444887583,0.0234289310506917,0.573233582709892,0.990689941812136,1.79706791490659,106.909934814546,108.707002729452,0.0165312985344569
2022-04-05,0.0127119083613563,0.0228517149494607,0.910390689941812,0.989359933499584,10.6517324264716,93.4834835786366,104.135216005108,0.102287514590157
2022-04-11,0.0172401436137255,0.0159511440715754,0.948129675810474,0.962094763092269,18.7744076972732,25.8783588336042,44.6527665308774,0.420453404254151
2022-04-14,0.0125298404416112,0.020249056151239,0.90739817123857,0.983208645054032,10.2908262476023,59.0530442916226,69.3438705392248,0.148402824468547
2022-04-22,0.0278226182815171,0.0063140437947169,0.982377389858687,0.790357439733998,56.2438013819189,4.25043602215237,60.4942374040712,0.929738166732121
2022-04-26,0.0293885201580109,-0.0100167178794024,0.983707398171239,0.106566916043225,60.8761821277534,0.446631515308299,61.3228136430617,0.992716715219429
2022-04-29,0.0376558374018119,0.0130578469933385,0.992019950124688,0.933499584372402,124.811832328973,14.5317658891103,139.343598218084,0.895712712496724
2022-05-05,0.036189972822223,0.0277806556991642,0.991188694929343,0.99667497921862,112.989828509185,300.249722453308,413.239550962493,0.273424526393991
2022-05-09,0.0325412787933894,-0.00875891083939262,0.98836242726517,0.137822111388196,85.427595945859,0.504593956269385,85.9321899021284,0.99412799840381
2022-05-18,0.0411467176426283,-0.021093446814537,0.993017456359102,0.0131338320864505,142.713701795123,0.230810220394882,142.944512015518,0.998385315972328
2022-05-31,0.00562675641451449,0.0213896657462609,0.790523690773067,0.986201163757274,4.25423923421559,71.9687216113691,76.2229608455847,0.0558130934172708
2022-06-06,-0.00304024061603947,0.0186161727173362,0.370906068162926,0.977556109725686,1.00826125516337,44.0536639395073,45.0619251946707,0.022375015066658
2022-06-10,0.0294243054131815,0.00622136362412995,0.984039900249377,0.78669991687448,62.1549092696411,4.16825749411432,66.3231667637554,0.937152314982761
2022-06-13,0.0387081229799842,0.0318821193735577,0.992518703241895,0.998004987531172,133.166040882087,500.749833582912,633.915874464999,0.210068948020072
2022-06-16,0.0336561267595137,-0.00790782384760114,0.989027431421446,0.160598503740648,90.6354442039602,0.546792359196561,91.1822365631568,0.994003301741586
2022-08-02,0.00661934586053281,0.0213867719096941,0.810806317539485,0.986034912718205,4.7681243783004,71.1059709012921,75.8740952795925,0.0628425862704534
2022-08-05,0.00169163549194806,0.0240913314361872,0.648379052369077,0.991853699085619,2.30797745143021,122.254420402965,124.562397854395,0.0185286851504583
2022-08-11,0,0.0235855342489906,0.553283458021613,0.990856192851205,1.6895178847005,108.862870875684,110.552388760384,0.0152825090768725
2022-08-26,0.0344352243362707,-0.00750941615075451,0.989858686616791,0.17190357439734,98.1057079546171,0.567916712936978,98.673624667554,0.994244493248825
2022-09-01,-0.00313280368133384,0.018477655989023,0.366749792186201,0.97689110556941,0.996934000666692,42.7714329717879,43.7683669724546,0.0227775005015405
2022-09-06,0.00378026239480178,0.0250803704373705,0.739484621778886,0.99334995843724,3.31343293818144,149.874443979446,153.187876917628,0.0216298639608612
2022-09-13,0.0444563025834093,-0.00232440936637079,0.994513715710723,0.402660016625104,181.772268823858,1.09930856269874,182.871577386557,0.993988630828207
2022-09-22,0.00843500447116963,0.0258803151040583,0.850207813798836,0.994513715710723,6.16239870781126,181.772268823858,187.934667531669,0.0327901115251811
2022-09-26,0.00994208062434776,0.0192959102879833,0.87265170407315,0.980049875311721,7.34113236285029,49.6233206934129,56.9644530562632,0.128872164463679
2022-09-27,0.00255578969037717,0.0266836166823463,0.689775561097257,0.995677472984206,2.69259449863848,230.845792854922,233.538387353561,0.0115295584985011
2022-10-07,0.028290255918554,0.00975486123289748,0.983042394014963,0.882793017456359,58.469162989527,8.02152887399795,66.4906918635249,0.879358619241585
2022-10-19,0.00711168447483779,0.0183733439319003,0.82310889443059,0.976392352452203,5.13698349413093,41.8571640507757,46.9941475449066,0.109311132609058
2022-11-02,0.0254164233113867,0.00434978335536762,0.977389858686617,0.721862011637573,43.7260353872494,3.06822557344778,46.7942609606972,0.934431583906736
2022-12-09,0.0074981416789317,0.0263585935538631,0.83142144638404,0.995344970906068,5.41657652384583,214.321039746782,219.737616270628,0.0246502015256905
2022-12-15,0.0247659602205381,-0.00389385343296134,0.975727348295927,0.318869492934331,40.6965824836045,0.874911020372717,41.5714935039773,0.978954063310499
2022-12-27,0.00395139204982264,0.0199708326085757,0.74546965918537,0.982543640897756,3.40436142840993,56.7842467501323,60.1886081785422,0.0565615576009218
2023-02-21,0.0202648963820637,0.0196284805703852,0.961097256857855,0.981546134663342,25.2018216526182,53.6876370096535,78.8894586622717,0.319457403814976
2023-03-27,-0.00186809391936293,0.0237711919849977,0.436242726517041,0.991354945968412,1.20546343269512,115.172353370713,116.377816803408,0.0103581890931281
2023-05-01,0.00101023717806381,0.029258493330703,0.612302576891106,0.997339983374896,2.03861665099427,375.437278036623,377.475894687617,0.00540065386872278
2023-06-29,-0.00393360356492867,0.0182135141963613,0.326350789692436,0.975561097256858,0.893030618733421,40.4163054938806,41.309336112614,0.0216181304947365
2023-07-27,0.00665191510725904,0.0196446092759421,0.81163757273483,0.981712385702411,4.79153521740139,54.1802801155691,58.9718153329705,0.0812512755516701
2023-08-03,0.00287005515858496,0.0233417174909123,0.701745635910224,0.990523690773067,2.82338897871184,105.025522332745,107.848911311457,0.02617911432187
2023-09-21,0.0166665499569136,0.0260098676941762,0.944139650872818,0.994679966749792,17.3969958790024,187.468305480626,204.865301359629,0.0849191920913099
2023-09-25,-0.00419646562352405,0.0249169815495192,0.314879467996675,0.993017456359102,0.865377276988236,142.713701795123,143.579079072111,0.00602718225092952
2023-10-03,0.0134765719784831,0.0217465153014595,0.91737323358271,0.987364921030756,11.5954298453928,78.6436772132614,90.2391070586542,0.128496726345662
2023-10-12,0.0061149714073494,0.027502449057331,0.799334995843724,0.996176226101413,4.46478098220026,261.021419871909,265.48620085411,0.0168173749439194
2023-10-19,0.00882505888199248,0.0206859901254077,0.85785536159601,0.984039900249377,6.52231607467113,62.1549092696411,68.6772253443122,0.0949705821976878
2023-10-25,0.0144561064300834,0.022512879494041,0.927847049044057,0.988861180382377,13.3532068897206,89.2751859615344,102.628392851255,0.130112208899872
2023-11-09,0.00782932648508439,0.023270291542798,0.838237738985869,0.990357439733998,5.6672147784553,103.20608910709,108.873303885545,0.0520533002692108
2024-02-02,-0.0104723334541088,0.0223361902946131,0.122194513715711,0.98836242726517,0.475705453887625,85.427595945859,85.9033013997467,0.00553768535244011
2024-02-05,0.00364784122217277,0.020400298025133,0.733499584372402,0.983374896093101,3.22655326301791,59.6486029355446,62.8751561985625,0.0513168230203407
2024-02-13,0.0138687170766705,0.0172834830249151,0.921030756442228,0.971072319201995,12.1563035137051,34.0665193578404,46.2228228715456,0.262993533464796
2024-04-01,0.00174144688651179,0.0188170540908388,0.650872817955112,0.978719866999169,2.32860847815038,46.4903950288738,48.8190035070242,0.0476988121606238
2024-04-10,0.0100635726456924,0.0220340840080464,0.874979218620116,0.987697423108894,7.48754392474562,80.7827522130805,88.2702961378261,0.0848251818828669
2024-06-07,0.00121648137074715,0.0185158824192326,0.624438902743142,0.977223607647548,2.12358505597516,43.4031895242515,45.5267745802266,0.0466447508209265
2024-06-28,0.00394282838408078,0.0187810027973203,0.745137157107232,0.978054862842893,3.3991987688658,45.0663327072274,48.4655314760932,0.0701364178899501
2024-07-24,0.0229232791899321,0.0108671595827667,0.97024106400665,0.904571903574397,33.100834433705,9.97073768731255,43.0715721210175,0.768507690889528
2024-08-05,0.0295562058460606,-0.00527725660921519,0.984206151288446,0.257522859517872,62.8144628209106,0.737111537690799,63.5515743586014,0.988401364637617
2024-08-06,-0.00917724644734008,0.022622716804527,0.153117206982544,0.989027431421446,0.532892356480554,90.6354442039602,91.1683365604408,0.00584514730207092
2024-11-06,-0.0245615859782378,0.0277703828223066,0.0182876142975894,0.996508728179551,0.249904332709414,285.928279980256,286.178184312966,0.000873247320753552
2024-12-18,0.030256610641314,0.0125830191564757,0.985369908561929,0.928678304239401,67.8510445511673,13.5148135100624,81.3658580612297,0.833900682275209
2025-03-10,0.0269966672724138,-0.0103776532714539,0.980881130507066,0.0994181213632585,51.8027391695351,0.433196567863617,52.2359357373987,0.991706924328083
2025-04-03,0.0505365293222635,-0.00458303741311195,0.99667497921862,0.288445552784705,300.249722453308,0.804344143012099,301.05406659632,0.997328240232375
2025-04-04,0.0603265958099657,-0.0108284001379175,0.998171238570241,0.0909393183707398,546.318029281878,0.417090217266117,546.735119499144,0.999237125616426
2025-04-07,0.00178277665475246,0.0306201062182634,0.65286783042394,0.997838736492103,2.34532260936658,462.192127392123,464.53745000149,0.00504872666210024
2025-04-08,0.0157867112954264,0.0190592185234326,0.937655860349127,0.979052369077307,15.53463601345,47.2363310724841,62.7709670859341,0.247481227940664
2025-04-10,0.0448081187483824,0.0279555808332574,0.994679966749792,0.996841230257689,187.468305480626,316.078683721033,503.54698920166,0.372295554339119
2025-04-21,0.0240904510798856,0.0176344089458391,0.973732335827099,0.972901080631754,37.5674020441669,36.3995511140738,73.9669531582406,0.507894410140125
2025-05-21,0.0169943650119375,0.0172378291746202,0.946799667497922,0.970573566084788,18.2923195808538,33.4805618780481,51.772881458902,0.353318553369963
2025-10-10,0.0273998325389631,-0.0160182582890736,0.981213632585204,0.0334164588528678,52.728508082307,0.29422956503205,53.022737647339,0.994450879413489
2026-03-20,0.0144394450953866,0.0191558703794588,0.927514546965919,0.979384871155445,13.2896015845806,48.006328646442,61.2959302310226,0.216810504946943
2026-06-05,0.0261482770861869,0.00515951481939414,0.979384871155445,0.751620947630923,48.006328646442,3.50234308889213,51.5086717353341,0.932004787331963
